url,indexability,title,title_length,meta_description,description_length,h1,word_count,canonical,og_tags,schema_types
https://jcseng.com/,index,"JCS Engineering PLLC | Pharma Engineering Firm, Raleigh NC",58,"Licensed NC engineering firm providing project engineering, design, CQV and project management for pharmaceutical, biotech and advanced manufacturing clients.",158,Capital projects delivered with engineering discipline.,880,https://jcseng.com/,yes,FAQPage;Person;ProfessionalService;WebPage;WebSite
https://jcseng.com/capabilities/,index,Pharmaceutical Engineering Services | JCS Engineering PLLC,58,"Six engineering services for pharma and biotech capital projects: project engineering, design, construction oversight, CQV, change management and tech transfer.",160,Engineering services for regulated manufacturing.,701,https://jcseng.com/capabilities/,yes,BreadcrumbList;CollectionPage;ItemList;Person;ProfessionalService;WebSite
https://jcseng.com/capabilities/project-engineering/,index,Owner's Rep & Project Engineering | JCS Engineering PLLC,56,"Owner-side project engineering and management for pharma and biotech capital projects in North Carolina: scope, budget, schedule and quality to closeout.",153,Owner's Representation and Project Engineering Services for Pharmaceutical Capital Projects in North Carolina,833,https://jcseng.com/capabilities/project-engineering/,yes,BreadcrumbList;FAQPage;Person;ProfessionalService;Service;WebPage;WebSite
https://jcseng.com/capabilities/engineering-design/,index,Process & Facility Design Engineering | JCS Engineering PLLC,60,"Process and mechanical design for pharma and biotech facilities: URS, basis of design, PFDs and P&IDs, calculations, equipment specs and IFC packages.",150,Conceptual and Detailed Design for cGMP Process Facilities in North Carolina,760,https://jcseng.com/capabilities/engineering-design/,yes,BreadcrumbList;FAQPage;Person;ProfessionalService;Service;WebPage;WebSite
https://jcseng.com/capabilities/construction-oversight/,index,cGMP Construction Oversight | JCS Engineering PLLC,50,"Owner-side construction administration for cGMP facilities in North Carolina: submittal and RFI management, field verification, change orders and turnover.",155,Construction Administration and Oversight for cGMP Facilities in North Carolina,696,https://jcseng.com/capabilities/construction-oversight/,yes,BreadcrumbList;FAQPage;Person;ProfessionalService;Service;WebPage;WebSite
https://jcseng.com/capabilities/cqv/,index,CQV Consulting for Pharma & Biotech | JCS Engineering PLLC,58,"CQV consulting for pharma and biotech in North Carolina: commissioning plans, impact assessments, FAT/SAT, IQ/OQ/PQ protocols, execution and turnover packages.",159,"Commissioning, Qualification and Validation (CQV) Services in North Carolina",737,https://jcseng.com/capabilities/cqv/,yes,BreadcrumbList;FAQPage;Person;ProfessionalService;Service;WebPage;WebSite
https://jcseng.com/capabilities/change-risk-compliance/,index,Project Change & Risk Management | JCS Engineering PLLC,55,"Project change control, risk registers, document control and inspection readiness for pharma and biotech capital projects. Governance built in, not bolted on.",158,Project Change Control and Risk Management for cGMP Capital Projects,652,https://jcseng.com/capabilities/change-risk-compliance/,yes,BreadcrumbList;FAQPage;Person;ProfessionalService;Service;WebPage;WebSite
https://jcseng.com/capabilities/optimization-tech-transfer/,index,Tech Transfer & Process Optimization | JCS Engineering PLLC,59,"Tech transfer and process optimization engineering: facility fit-gap assessments, scale-up calculations, equipment and utility modifications, startup support.",158,Process Optimization and Technology Transfer Engineering in North Carolina,641,https://jcseng.com/capabilities/optimization-tech-transfer/,yes,BreadcrumbList;FAQPage;Person;ProfessionalService;Service;WebPage;WebSite
https://jcseng.com/approach/,index,Stage-Gate Project Delivery | JCS Engineering PLLC,50,"How JCS Engineering delivers pharma and biotech capital projects: six phases with defined deliverables, four engagement models, and the standards we work to.",157,How we work.,468,https://jcseng.com/approach/,yes,BreadcrumbList;Person;ProfessionalService;WebPage;WebSite
https://jcseng.com/service-areas/,index,Serving the Research Triangle | JCS Engineering PLLC,52,"Engineering consultant for pharma and biotech capital projects across the Research Triangle and North Carolina: Raleigh, Durham, RTP, Holly Springs and Clayton.",160,Serving North Carolina's biomanufacturing corridor.,550,https://jcseng.com/service-areas/,yes,BreadcrumbList;Person;ProfessionalService;WebPage;WebSite
https://jcseng.com/service-areas/holly-springs/,index,Engineering Firm for Holly Springs NC | JCS Engineering PLLC,60,"Project engineering, construction oversight and CQV for the large-scale biologics manufacturing campuses being built and started up in Holly Springs, NC.",153,"Engineering and CQV Services for Holly Springs, North Carolina",399,https://jcseng.com/service-areas/holly-springs/,yes,BreadcrumbList;FAQPage;Person;ProfessionalService;Service;WebPage;WebSite
https://jcseng.com/service-areas/clayton/,index,"Engineering Firm Serving Clayton, NC | JCS Engineering PLLC",59,"Owner-side project management, utilities, automation and commissioning for API and finished-product pharmaceutical manufacturing in Clayton, NC.",144,Engineering and Project Management Services for Clayton and Johnston County,387,https://jcseng.com/service-areas/clayton/,yes,BreadcrumbList;FAQPage;Person;ProfessionalService;Service;WebPage;WebSite
https://jcseng.com/service-areas/durham-rtp/,index,Engineering Firm Serving Durham & RTP | JCS Engineering PLLC,60,"Project engineering, design, construction oversight and CQV for pharmaceutical development and manufacturing facilities in Durham and Research Triangle Park.",157,Engineering Services for Durham and Research Triangle Park Life-Sciences Facilities,423,https://jcseng.com/service-areas/durham-rtp/,yes,BreadcrumbList;FAQPage;Person;ProfessionalService;Service;WebPage;WebSite
https://jcseng.com/faq/,index,Frequently Asked Questions | JCS Engineering PLLC,49,"Answers to common questions about hiring an engineering consultant for pharma and biotech capital projects: owner's rep, design, CQV and tech transfer.",151,Frequently asked questions.,1750,https://jcseng.com/faq/,yes,BreadcrumbList;FAQPage;Person;ProfessionalService;WebSite
https://jcseng.com/insights/,index,Insights on Pharma Capital Projects | JCS Engineering PLLC,58,"Practical articles on pharmaceutical and biotech capital projects: owner's representation, CQV planning, tech transfer, design and construction oversight.",154,Insights.,217,https://jcseng.com/insights/,yes,BreadcrumbList;CollectionPage;ItemList;Person;ProfessionalService;WebSite
https://jcseng.com/insights/owners-engineer-pharmaceutical-capital-project/,index,Owner's Engineer on Pharma Projects | JCS Engineering PLLC,58,"What an owner's representative does on a pharma or biotech capital project, phase by phase, how the role differs from the CM and A/E, and when it pays off.",155,"What an Owner's Engineer Does on a Pharmaceutical Capital Project, and When to Bring One In",992,https://jcseng.com/insights/owners-engineer-pharmaceutical-capital-project/,yes,Article;BreadcrumbList;Person;ProfessionalService;WebPage;WebSite
https://jcseng.com/insights/cqv-planning-starts-in-design/,index,CQV Planning Starts in Design | JCS Engineering PLLC,52,"Why CQV slips on pharma projects, and the design-phase decisions (impact assessments, traceability, FAT strategy) that keep it off the critical path.",149,CQV Planning Starts in Design: Keeping Qualification Off the Critical Path,1025,https://jcseng.com/insights/cqv-planning-starts-in-design/,yes,Article;BreadcrumbList;Person;ProfessionalService;WebPage;WebSite
https://jcseng.com/insights/facility-fit-gap-assessment-tech-transfer/,index,Facility Fit-Gap Assessment Checklist | JCS Engineering PLLC,60,"A working checklist for assessing whether a receiving facility fits an incoming pharma process: seven gap categories, how to score them, and common surprises.",158,Facility Fit-Gap Assessment for Tech Transfer: A Working Checklist,1001,https://jcseng.com/insights/facility-fit-gap-assessment-tech-transfer/,yes,Article;BreadcrumbList;Person;ProfessionalService;WebPage;WebSite
https://jcseng.com/about/,index,About the Firm | JCS Engineering PLLC,37,"JCS Engineering PLLC is a licensed North Carolina engineering firm led by Drew Jones, PE: project engineering, design, CQV and project management for cGMP.",155,About JCS Engineering.,246,https://jcseng.com/about/,yes,AboutPage;BreadcrumbList;Person;ProfessionalService;WebSite
https://jcseng.com/contact/,index,Contact Our Raleigh Engineering Firm | JCS Engineering PLLC,59,"Contact JCS Engineering in Raleigh, NC about project engineering, design, CQV or owner's representation for a pharma or biotech project. Reply within a day.",156,Let's scope your project.,249,https://jcseng.com/contact/,yes,BreadcrumbList;ContactPage;Person;ProfessionalService;WebSite
https://jcseng.com/privacy/,index,Privacy Policy | JCS Engineering PLLC,37,"What jcseng.com collects and why: contact-form details used only to reply to you, standard server logs, no advertising and no analytics cookies. Plain language.",160,Privacy policy.,433,https://jcseng.com/privacy/,yes,BreadcrumbList;Person;ProfessionalService;WebPage;WebSite
https://jcseng.com/404.html,noindex,Page Not Found | JCS Engineering PLLC,37,"The page you requested could not be found. Search the site or use the navigation to find JCS Engineering's services, approach, experience and contact details.",158,This page isn't here.,58,https://jcseng.com/404.html,yes,Person;ProfessionalService;WebPage;WebSite
